ID,Phân loại hợp đồng,Khách hàng,Số hợp đồng BC,Số hợp đồng đối tác (NTP/CXL),Loại dịch vụ / Nội dung,Báo cáo số,Bù trừ / Quỹ phòng,Chi đối tác (NTP/NCC),Doanh số,Ghi chú,Giá trị hợp đồng,Hoa hồng,Nguồn thông tin,Ngày hiệu lực,Ngày ký hợp đồng,Ngày kết thúc,Ngày xuất hóa đơn,Người được giao,Người đại diện,Nhà thầu phụ,Nhân viên CS,Phòng ban,Phương thức thanh toán,Tình trạng,Tình trạng chứng từ,Tỉnh thành,Địa chỉ gửi thư,Địa chỉ thực hiện,Địa chỉ xuất hóa đơn,Tài liệu đính kèm (Links),Tài liệu đã tải xuống (File paths)
2,Pháp lý & Hồ sơ Môi trường,CÔNG TY TNHH CÔNG NGHỆ SƠN HÀNG ĐẦU,,,Quan trắc môi trường,,,0đ,"14,092,000đ",QTMT đợt 1 (cuối T5),"15,292,000đ","1,000,000đ",TÁI KÝ,,09/04/2026,,30/06/2026,Le Hoang Thu Thao — giao bởi San San lúc 18/05/2026 08:35 Mỹ Trân — giao bởi San San lúc 18/05/2026 08:35,Chị Trinh —,TRUNG TÂM TƯ VẤN VÀ TRUYỀN THÔNG MÔI TRƯỜNG (CEC),San San,Phòng Kinh doanh,Sau ký,Đã gửi khách hàng,-,Long An,,"Lô B5-15, Khu B5, Đường N6, Khu Công Nghiệp Tân Phú Trung, Xã Củ Chi, TP Hồ Chí Minh, Việt Nam",,https://moitruongbaochau.sgp1.digitaloceanspaces.com/contract-files/consulting/survey/IGzDaR9ZGMwAdR3cmOH52v4IVoFPlpPsxzPwILrn.docx,downloads\contract_2_IGzDaR9ZGMwAdR3cmOH52v4IVoFPlpPsxzPwILrn.docx
3,Pháp lý & Hồ sơ Môi trường,CÔNG TY TNHH THƯƠNG MẠI XÂY DỰNG KỸ THUẬT MÔI TRƯỜNG TD,58/2026/BG-TSBC (27/2026/HĐKT.BC-TD),,Quan trắc môi trường,,,"1,688,000đ","1,800,000đ",,"2,400,000đ","500,000đ",TÁI KÝ,,27/03/2026,,13/05/2026,Nguyễn Thị Đăng Thi — giao bởi Nhật Quỳnh - TPKD lúc 13/04/2026 11:22,—,CÔNG TY TNHH KHOA HỌC CÔNG NGHỆ VÀ PHÂN TÍCH MÔI TRƯỜNG PHƯƠNG NAM,San San,Phòng Kinh doanh,Sau ký,Đã hoàn thành,Đã làm biên bản bàn giao hồ sơ,TP. Hồ Chí Minh,,,,https://moitruongbaochau.sgp1.digitaloceanspaces.com/contract-files/consulting/client_confirmed/BlQOkskXKCfVc5Q2VgRkvBh8XWsFu3abe7pQVZCV.pdf | https://moitruongbaochau.sgp1.digitaloceanspaces.com/contract-files/consulting/waiting_client/oV1kTKzIxKIemTQA6U6GCaQGTi9VeMNpqmzm0vVs.pdf | https://moitruongbaochau.sgp1.digitaloceanspaces.com/contract-files/consulting/waiting_client/iVsKY4Y57sX1FTmg8gEvN4kC9PfZmxMYQ5GwbMHN.pdf | https://moitruongbaochau.sgp1.digitaloceanspaces.com/contract-files/consulting/finished/eRzfX4gtlv7iL5V6kDpE5cbuWbvfiGAQQS5Ny5hV.pdf | https://moitruongbaochau.sgp1.digitaloceanspaces.com/contract-files/consulting/processing/MfVWJMyQ6OScNGviqP63Yxy9cfpF81IYWEG3j1Ka.pdf | https://moitruongbaochau.sgp1.digitaloceanspaces.com/contract-files/consulting/survey/Y9LNlfrIjJRPcEgjngvc4asZ8JlJT4pZhK9SadLp.pdf,downloads\contract_3_BlQOkskXKCfVc5Q2VgRkvBh8XWsFu3abe7pQVZCV.pdf | downloads\contract_3_oV1kTKzIxKIemTQA6U6GCaQGTi9VeMNpqmzm0vVs.pdf | downloads\contract_3_iVsKY4Y57sX1FTmg8gEvN4kC9PfZmxMYQ5GwbMHN.pdf | downloads\contract_3_eRzfX4gtlv7iL5V6kDpE5cbuWbvfiGAQQS5Ny5hV.pdf | downloads\contract_3_MfVWJMyQ6OScNGviqP63Yxy9cfpF81IYWEG3j1Ka.pdf | downloads\contract_3_Y9LNlfrIjJRPcEgjngvc4asZ8JlJT4pZhK9SadLp.pdf
4,Pháp lý & Hồ sơ Môi trường,CÔNG TY TNHH ĐỒ GỖ FUKUI VIỆT NAM,,,Quan trắc môi trường,,,0đ,"48,966,000đ",QTMT quý 2/2026,"59,633,280đ","5,000,000đ",TÁI KÝ,,03/04/2026,,30/06/2026,Le Hoang Thu Thao — giao bởi San San lúc 18/05/2026 08:35 Mỹ Trân — giao bởi San San lúc 18/05/2026 08:35,—,TRUNG TÂM TƯ VẤN VÀ TRUYỀN THÔNG MÔI TRƯỜNG (CEC),San San,Phòng Kinh doanh,Sau ký,Đã gửi khách hàng,-,Long An,,"Lô C1, Đường Dọc 2, khu công nghiệp Phú An Thạnh, Xã An Thạnh, Huyện Bến Lức",,https://moitruongbaochau.sgp1.digitaloceanspaces.com/contract-files/consulting/survey/DK18ODxH3Qd6lU5dkFOYCgA3VfvtmRnsKBNBJjPz.docx,downloads\contract_4_DK18ODxH3Qd6lU5dkFOYCgA3VfvtmRnsKBNBJjPz.docx
6,Pháp lý & Hồ sơ Môi trường,CÔNG TY TNHH DANU VINA,,,Quan trắc môi trường,,,0đ,"2,110,000đ",QT NƯỚC CẤP ĐỢT 1,"2,710,000đ","500,000đ",TÁI KÝ,,02/03/2026,,30/03/2026,Nguyễn Thị Đăng Thi — giao bởi Nhật Quỳnh - TPKD lúc 13/04/2026 11:23,—,CÔNG TY TNHH KHOA HỌC CÔNG NGHỆ VÀ PHÂN TÍCH MÔI TRƯỜNG PHƯƠNG NAM,San San,Phòng Kinh doanh,Sau ký,Đã hoàn thành,Đã xuất hóa đơn,TP. Hồ Chí Minh,,"Lô 56-58-60, Khu chế xuất Sài Gòn Linh Trung, Phường Linh Xuân, TP Hồ Chí Minh, Việt Nam",,https://moitruongbaochau.sgp1.digitaloceanspaces.com/contract-files/consulting/client_confirmed/N9gaE7KKSkqIIUOdSHgu53gxL0eTEBDhnXQ1xSG1.pdf | https://moitruongbaochau.sgp1.digitaloceanspaces.com/contract-files/consulting/survey/t2C17lMfvbkyXd75Cd4iFVBGHwLlLfwoxbp9Zx1p.pdf | https://moitruongbaochau.sgp1.digitaloceanspaces.com/contract-files/consulting/processing/8Y21GZwN95MvtboBqS8LPjc1EFson6KhA3gZlMnm.pdf | https://moitruongbaochau.sgp1.digitaloceanspaces.com/contract-files/consulting/survey/2S3WeUHZapcunITcNG0WeHTrgQABABhzgSaqg6MF.pdf | https://moitruongbaochau.sgp1.digitaloceanspaces.com/contract-files/consulting/finished/rUKMRWovT0AmV5JmMIVVx64gRq8PNP9OojpvCZ4y.pdf | https://moitruongbaochau.sgp1.digitaloceanspaces.com/contract-files/consulting/waiting_client/Rpy3G2obHqKN20Wa5aw3A33CUfLaZG4MEj6nxNra.pdf,downloads\contract_6_N9gaE7KKSkqIIUOdSHgu53gxL0eTEBDhnXQ1xSG1.pdf | downloads\contract_6_t2C17lMfvbkyXd75Cd4iFVBGHwLlLfwoxbp9Zx1p.pdf | downloads\contract_6_8Y21GZwN95MvtboBqS8LPjc1EFson6KhA3gZlMnm.pdf | downloads\contract_6_2S3WeUHZapcunITcNG0WeHTrgQABABhzgSaqg6MF.pdf | downloads\contract_6_rUKMRWovT0AmV5JmMIVVx64gRq8PNP9OojpvCZ4y.pdf | downloads\contract_6_Rpy3G2obHqKN20Wa5aw3A33CUfLaZG4MEj6nxNra.pdf
7,Pháp lý & Hồ sơ Môi trường,CÔNG TY TNHH NĂNG LƯỢNG GELEX NINH THUẬN,,,Quan trắc môi trường lao động và phân loại lao động,,,0đ,"6,100,000đ",,"6,100,000đ",0đ,MỚI,,08/04/2026,,14/04/2026,Huỳnh Trần Danh — giao bởi Nhật Quỳnh - TPKD lúc 13/04/2026 11:23,—,,San San,Phòng Kinh doanh,Sau ký,Đã hoàn thành,Đã làm BB bàn giao và nghiệm thu kết thúc hợp đồng,Ninh Thuận,,"Thôn Sơn Hải, Xã Phước Dinh, Tỉnh Khánh Hòa, Việt Nam",,https://moitruongbaochau.sgp1.digitaloceanspaces.com/contract-files/consulting/processing/kxlhBZSbq6vBmcXzQubCZ6d5K6wbKr59BJr6Vxqw.docx | https://moitruongbaochau.sgp1.digitaloceanspaces.com/contract-files/consulting/client_confirmed/UAGfKi03a7a7M4iakpwPmbuhS888UsDvmZZpNUEh.docx | https://moitruongbaochau.sgp1.digitaloceanspaces.com/contract-files/consulting/survey/V1ZutXwrnVtTSZz16MrYPqOY7SnR0NkauBfwyfdV.docx | https://moitruongbaochau.sgp1.digitaloceanspaces.com/contract-files/consulting/finished/MymGhchcnhpt7QsEHBmfxluKfxWIGZGAtdi4HgXS.docx | https://moitruongbaochau.sgp1.digitaloceanspaces.com/contract-files/consulting/waiting_client/YmYrzx6vEEsvMJdqLIKh4r1ABKwDXLrZCclAvaSe.docx,downloads\contract_7_kxlhBZSbq6vBmcXzQubCZ6d5K6wbKr59BJr6Vxqw.docx | downloads\contract_7_UAGfKi03a7a7M4iakpwPmbuhS888UsDvmZZpNUEh.docx | downloads\contract_7_V1ZutXwrnVtTSZz16MrYPqOY7SnR0NkauBfwyfdV.docx | downloads\contract_7_MymGhchcnhpt7QsEHBmfxluKfxWIGZGAtdi4HgXS.docx | downloads\contract_7_YmYrzx6vEEsvMJdqLIKh4r1ABKwDXLrZCclAvaSe.docx
10,Pháp lý & Hồ sơ Môi trường,Công ty CP Thương mại và xây dựng Tài Phú,01/2026/HĐKT.BC-TAIPHU (2.040.000),,Quan trắc môi trường,,,0đ,"8,250,000đ",,"16,470,000đ","5,600,000đ",MỚI,,05/01/2026,,,Chưa giao việc,Anh Khoa —,,Thanh Thảo,Phòng Kinh doanh,Sau ký,PTH đang kiểm tra,-,TP. Hồ Chí Minh,,"Khu nhà ở Trần Anh Bến Cát - 86 Đường TC1, Phường Thới Hoà, Thành phố Hồ Chí Minh, Việt Nam",,,
11,Pháp lý & Hồ sơ Môi trường,CÔNG TY CỔ PHẦN TIẾT KIỆM NĂNG LƯỢNG BÁCH KHOA,,,Quan trắc môi trường lao động và phân loại lao động,,,0đ,"17,410,000đ","CÔNG TY CỔ PHẦN CHĂN NUÔI C.P.VIỆT NAM - CHI NHÁNH NM 5 TẠI ĐỒNG NAI KCN Bàu Xéo, xã Sông Trầu, Xã Trảng Bom, Tỉnh Đồng Nai, Việt Nam QTMTLĐ THÁNG 11","17,410,000đ",0đ,CHUYỂN,,,,,Chưa giao việc,—,,San San,Phòng Kinh doanh,Sau ký,Hợp đồng hủy,-,Đồng Nai,,,,,
12,Pháp lý & Hồ sơ Môi trường,CÔNG TY CỔ PHẦN TIẾT KIỆM NĂNG LƯỢNG BÁCH KHOA,,,Quan trắc môi trường,,,0đ,"149,595,000đ","CÔNG TY CỔ PHẦN CHĂN NUÔI C.P.VIỆT NAM - CHI NHÁNH NM 5 TẠI ĐỒNG NAI KCN Bàu Xéo, xã Sông Trầu, Xã Trảng Bom, Tỉnh Đồng Nai, Việt Nam QTMT ĐỢT 1 (xếp lịch giữa tháng 5)","149,595,000đ",0đ,CHUYỂN,,,,,Chưa giao việc,—,CÔNG TY CỔ PHẦN XÂY DỰNG VÀ MÔI TRƯỜNG ĐẠI PHÚ,San San,Phòng Kinh doanh,Sau ký,Hợp đồng hủy,-,Đồng Nai,,,,,
13,Pháp lý & Hồ sơ Môi trường,CÔNG TY TNHH CÔNG NGHỆ SƠN HÀNG ĐẦU,,,Quan trắc môi trường,,,0đ,"14,092,000đ",QTMT ĐỢT 2 + BCCTBVMT,"15,292,000đ",0đ,TÁI KÝ,,09/04/2026,,,Chưa giao việc,Chị Trinh —,,San San,Phòng Kinh doanh,Sau ký,PTH đang kiểm tra,-,TP. Hồ Chí Minh,,"Lô B5-15, Khu B5, Đường N6, Khu Công Nghiệp Tân Phú Trung, Xã Củ Chi, TP Hồ Chí Minh, Việt Nam",,,
14,Pháp lý & Hồ sơ Môi trường,CÔNG TY TNHH DANU VINA,,,Quan trắc môi trường,,,0đ,"2,110,000đ",QT NƯỚC CẤP ĐỢT 2 (tháng 9),"2,710,000đ","500,000đ",TÁI KÝ,,02/03/2026,,,Chưa giao việc,—,CÔNG TY TNHH KHOA HỌC CÔNG NGHỆ VÀ PHÂN TÍCH MÔI TRƯỜNG PHƯƠNG NAM,San San,Phòng Kinh doanh,Sau ký,PTH đang kiểm tra,-,TP. Hồ Chí Minh,,"Lô 56-58-60, Khu chế xuất Sài Gòn Linh Trung, Phường Linh Xuân, TP Hồ Chí Minh, Việt Nam",,,
15,Pháp lý & Hồ sơ Môi trường,CÔNG TY CỔ PHẦN TIẾT KIỆM NĂNG LƯỢNG BÁCH KHOA,,,Quan trắc môi trường,,,0đ,"136,995,000đ","CÔNG TY CỔ PHẦN CHĂN NUÔI C.P.VIỆT NAM - CHI NHÁNH NM 5 TẠI ĐỒNG NAI KCN Bàu Xéo, xã Sông Trầu, Xã Trảng Bom, Tỉnh Đồng Nai, Việt Nam QTMT ĐỢT 2(xếp lịch giữa tháng 10 -11)","136,995,000đ",0đ,CHUYỂN,,,,,Chưa giao việc,—,TRUNG TÂM TƯ VẤN VÀ TRUYỀN THÔNG MÔI TRƯỜNG (CEC),San San,Phòng Kinh doanh,Sau ký,Hợp đồng hủy,-,Đồng Nai,,,,,
17,Pháp lý & Hồ sơ Môi trường,CÔNG TY CỔ PHẦN THỰC PHẨM GN,,,Hồ sơ môi trường,,,0đ,"40,000,000đ",QUAN TRẮC VHTN (ĐỢT 2),"40,000,000đ",0đ,MỚI,,13/04/2026,,02/06/2026,Le Hoang Thu Thao — giao bởi San San lúc 18/05/2026 08:35 Mỹ Trân — giao bởi San San lúc 18/05/2026 08:35,—,TRUNG TÂM TƯ VẤN VÀ TRUYỀN THÔNG MÔI TRƯỜNG (CEC),San San,Phòng Kinh doanh,Sau ký,Đã hoàn thành,-,Long An,,"P.02B Đường Trung Tâm, KCN Long Hậu mở rộng, Xã Cần Giuộc, Tỉnh Tây Ninh, Việt Nam",,,
18,Pháp lý & Hồ sơ Môi trường,CÔNG TY CỔ PHẦN THỰC PHẨM GN,,,Hồ sơ môi trường,,,0đ,"18,700,000đ",BÁO CÁO VHTN (ĐỢT 3),"18,700,000đ",0đ,MỚI,,13/04/2026,,30/06/2026,Nhật Quỳnh - TPKD — giao bởi San San lúc 13/05/2026 14:03 Hạn: 16/05/2026 Chị Lan (Ngoài) — giao bởi San San lúc 13/05/2026 14:03 Hạn: 16/05/2026,—,,San San,Phòng Kinh doanh,Sau ký,PTH đang kiểm tra,-,Long An,,"P.02B Đường Trung Tâm, KCN Long Hậu mở rộng, Xã Cần Giuộc, Tỉnh Tây Ninh, Việt Nam",,,
19,Pháp lý & Hồ sơ Môi trường,CÔNG TY CỔ PHẦN THỰC PHẨM GN,16/2025/HĐKT.BC-GN (2.555.350),,Quan trắc môi trường,,,0đ,"8,710,000đ",QTMT + BCCTBVMT 2025,"9,406,800đ",0đ,MỚI,,13/01/2026,,26/01/2026,Le Hoang Thu Thao — giao bởi San San lúc 11/05/2026 11:37,—,,San San,Phòng Kinh doanh,Sau ký,Đã hoàn thành,Đã làm BB bàn giao và nghiệm thu kết thúc hợp đồng,Long An,,"P.02B Đường Trung Tâm, KCN Long Hậu mở rộng, Xã Cần Giuộc, Tỉnh Tây Ninh, Việt Nam",,,
20,Pháp lý & Hồ sơ Môi trường,CÔNG TY CỔ PHẦN DƯỢC PHẨM 3/2,27/2025/HĐKT.BC-DP3/2 (6.036.000),,Quan trắc môi trường,,,0đ,"7,350,000đ",QTMT + BCCTBVMT 2025,"7,350,000đ",0đ,MỚI,,13/01/2026,,25/02/2026,Nguyễn Thị Đăng Thi — giao bởi San San lúc 11/05/2026 11:38,—,,San San,Phòng Kinh doanh,Sau ký,Đã hoàn thành,Đã làm BB bàn giao và nghiệm thu kết thúc hợp đồng,TP. Hồ Chí Minh,,"601 Cách Mạng Tháng Tám, Phường Hòa Hưng, TP Hồ Chí Minh, Việt Nam",,https://moitruongbaochau.sgp1.digitaloceanspaces.com/contract-files/consulting/finished/R5qZb6NxOmBDG8oU1OGonr30U3NYGFV5hxqUIpOZ.pdf | https://moitruongbaochau.sgp1.digitaloceanspaces.com/contract-files/consulting/waiting_client/Jd2aTwHGlJbY6K7tBMRRkw4xiOP8eT2cZWiAq4LX.pdf | https://moitruongbaochau.sgp1.digitaloceanspaces.com/contract-files/consulting/client_confirmed/dFVyfaTW1R2ixqUL7pWmLfy1rhQLv3A0BOW9Fn9X.pdf | https://moitruongbaochau.sgp1.digitaloceanspaces.com/contract-files/consulting/processing/yLRkUuWyGxZ4K03v1IPVaJKDnsukXdXMxWwkQ2wN.pdf | https://moitruongbaochau.sgp1.digitaloceanspaces.com/contract-files/consulting/survey/YkIY6LLsuPDjOmT76mYllxbT1RpLC9b6rfJae3jz.pdf,downloads\contract_20_R5qZb6NxOmBDG8oU1OGonr30U3NYGFV5hxqUIpOZ.pdf | downloads\contract_20_Jd2aTwHGlJbY6K7tBMRRkw4xiOP8eT2cZWiAq4LX.pdf | downloads\contract_20_dFVyfaTW1R2ixqUL7pWmLfy1rhQLv3A0BOW9Fn9X.pdf | downloads\contract_20_yLRkUuWyGxZ4K03v1IPVaJKDnsukXdXMxWwkQ2wN.pdf | downloads\contract_20_YkIY6LLsuPDjOmT76mYllxbT1RpLC9b6rfJae3jz.pdf
21,Pháp lý & Hồ sơ Môi trường,CÔNG TY TNHH ĐỒ GỖ FUKUI VIỆT NAM,71/2025/HĐKT.BC-FUKUI (5.700.000),,Quan trắc môi trường,,,0đ,"27,500,000đ",QTMT + BCCTBVMT 2025,"29,700,000đ",0đ,MỚI,,13/01/2026,,30/01/2026,Le Hoang Thu Thao — giao bởi San San lúc 11/05/2026 11:38,—,,San San,Phòng Kinh doanh,Sau ký,Đã hoàn thành,Đã làm BB bàn giao và nghiệm thu kết thúc hợp đồng,Long An,,"Lô C1, Đường Dọc 2, khu công nghiệp Phú An Thạnh, Xã An Thạnh, Huyện Bến Lức",,,
22,Pháp lý & Hồ sơ Môi trường,CÔNG TY TNHH SƠN HÀNG ĐẦU,55/2025/HĐKT.BC-SHĐ (4.000.000),,Quan trắc môi trường,,,0đ,"8,450,000đ","QTMT 2025 + BCCTBVMT 2024, 2025","9,126,000đ",0đ,MỚI,,13/01/2026,,19/01/2026,Chưa giao việc,—,,San San,Phòng Kinh doanh,Sau ký,Đã hoàn thành,Đã làm BB bàn giao và nghiệm thu kết thúc hợp đồng,TP. Hồ Chí Minh,,,,,
23,Pháp lý & Hồ sơ Môi trường,CÔNG TY TNHH THƯƠNG MẠI MỸ ANH,82A/2025/HĐKT.BC-MA (2.412.00),,Quan trắc môi trường,,,0đ,"7,000,000đ",BCCTBVMT 2025,"7,560,000đ",0đ,MỚI,,13/01/2026,,19/01/2026,Chưa giao việc,—,,San San,Phòng Kinh doanh,Sau ký,Đã hoàn thành,Đã làm BB bàn giao và nghiệm thu kết thúc hợp đồng,TP. Hồ Chí Minh,,,,,
24,Pháp lý & Hồ sơ Môi trường,CÔNG TY CỔ PHẦN PHÚC XANH VINA,87/2025/HĐKT.BC-PX (2.000.000),,Quan trắc môi trường,,,0đ,"3,400,000đ",BCCTBVMT 2025,"3,672,000đ",0đ,MỚI,,13/01/2026,,20/01/2026,Le Hoang Thu Thao — giao bởi San San lúc 11/05/2026 11:39,—,,San San,Phòng Kinh doanh,Sau ký,Đã hoàn thành,Đã làm BB bàn giao và nghiệm thu kết thúc hợp đồng,Bình Phước,,"Lô E5-2, Khu công nghiệp Minh Hưng - Hàn Quốc, Phường Minh Hưng, Tỉnh Đồng Nai, Việt Nam",,,
25,Pháp lý & Hồ sơ Môi trường,CÔNG TY TNHH MTV HANS VINA,10/2025/HĐKT/BC-HANS (2.600.000),,Quan trắc môi trường,,,0đ,"3,000,000đ",BCCTBVMT 2025,"3,240,000đ",0đ,MỚI,,13/01/2026,,20/01/2026,Chưa giao việc,—,,San San,Phòng Kinh doanh,Sau ký,Đã hoàn thành,Đã làm BB bàn giao và nghiệm thu kết thúc hợp đồng,Đồng Nai,,"Đường ĐCD 3 và ĐCD 4, KCN Giang Điền, Xã Trảng Bom, Tỉnh Đồng Nai, Việt Nam",,,
26,Pháp lý & Hồ sơ Môi trường,CÔNG TY TNHH IN ẤN PHỤ LIỆU MAY MẶC SAMSON (VIỆT NAM),137/2025/HĐKT.BC-SAMSON (840.000),,Quan trắc môi trường,,,0đ,"4,190,000đ",QTMT + BCCTBVMT2025,"4,525,200đ",0đ,MỚI,,13/01/2026,,17/01/2026,Chưa giao việc,—,,San San,Phòng Kinh doanh,Sau ký,Đã hoàn thành,Đã làm BB bàn giao và nghiệm thu kết thúc hợp đồng,Long An,,"Lô D9, Đường số 15, KCN Thuận Đạo mở rộng, Xã Long Cang, Tỉnh Tây Ninh, Việt Nam",,,
27,Pháp lý & Hồ sơ Môi trường,CÔNG TY TNHH ĐẦU TƯ PHÁT TRIỂN CON GÀ VÀNG,148/2025/HĐKT.BC-CGV (0),,Quan trắc môi trường,,,0đ,"3,800,000đ",BCCTBVMT 2025,"4,104,000đ",0đ,MỚI,,13/01/2026,,19/01/2026,Nguyễn Thị Đăng Thi — giao bởi San San lúc 11/05/2026 11:39,—,,San San,Phòng Kinh doanh,Sau ký,Đã hoàn thành,Đã làm BB bàn giao và nghiệm thu kết thúc hợp đồng,Long An,,"Lô B201D, đường DH, KCN Thái Hòa, Xã Đức Lập, Tỉnh Tây Ninh, Việt Nam",,https://moitruongbaochau.sgp1.digitaloceanspaces.com/contract-files/consulting/client_confirmed/CJIHiNRQKdBFBngtBX8igLKA3fIGSltceTNTKQrn.pdf | https://moitruongbaochau.sgp1.digitaloceanspaces.com/contract-files/consulting/waiting_client/rMD7q2rnyCXE2WC55xXSeyKeLRgp7o0z2qf2B8Yn.pdf | https://moitruongbaochau.sgp1.digitaloceanspaces.com/contract-files/consulting/survey/XEBgrD4bejPeEqAEWarmphW4aNQbcmwtfTITgtRy.pdf | https://moitruongbaochau.sgp1.digitaloceanspaces.com/contract-files/consulting/finished/OUThevm86kRPE0TiMXgCs0FLdRT9fEruaD0rDe3N.jpg | https://moitruongbaochau.sgp1.digitaloceanspaces.com/contract-files/consulting/processing/0zJA6SD6Wl4lzdEh3jjrdHx7yHmF1MZH1Qxv5GBe.pdf,downloads\contract_27_CJIHiNRQKdBFBngtBX8igLKA3fIGSltceTNTKQrn.pdf | downloads\contract_27_rMD7q2rnyCXE2WC55xXSeyKeLRgp7o0z2qf2B8Yn.pdf | downloads\contract_27_XEBgrD4bejPeEqAEWarmphW4aNQbcmwtfTITgtRy.pdf | downloads\contract_27_OUThevm86kRPE0TiMXgCs0FLdRT9fEruaD0rDe3N.jpg | downloads\contract_27_0zJA6SD6Wl4lzdEh3jjrdHx7yHmF1MZH1Qxv5GBe.pdf
28,Pháp lý & Hồ sơ Môi trường,CÔNG TY TNHH OANH UYÊN,,,Quan trắc môi trường,,,0đ,"3,190,000đ",QT NƯỚC UỐNG,"3,790,000đ","500,000đ",TÁI KÝ,,14/04/2026,,11/05/2026,Nguyễn Thị Đăng Thi — giao bởi San San lúc 11/05/2026 14:18,—,CÔNG TY TNHH KHOA HỌC CÔNG NGHỆ VÀ PHÂN TÍCH MÔI TRƯỜNG PHƯƠNG NAM,San San,Phòng Kinh doanh,Sau ký,Đã hoàn thành,Đã làm BB bàn giao và nghiệm thu kết thúc hợp đồng,Bình Dương,,"thửa đất số 780, tờ bản đồ số 15, số nhà C3-409, đường TC1, khu phố 6, Phường Thới Hòa, TP Hồ Chí Minh, Việt Nam",,https://moitruongbaochau.sgp1.digitaloceanspaces.com/contract-files/consulting/survey/vI5ChGeQd9PSXbYxPSvl7v23Ns8dErkP1RTE8Ylw.pdf | https://moitruongbaochau.sgp1.digitaloceanspaces.com/contract-files/consulting/waiting_client/BMSu8t3shIJeXuYhJJqqrP3LPV3NsuKcMdVky4mh.pdf | https://moitruongbaochau.sgp1.digitaloceanspaces.com/contract-files/consulting/finished/xoUBVtbAyaI9aM981dWsVhueIzKPSqlE5g1DI26z.pdf | https://moitruongbaochau.sgp1.digitaloceanspaces.com/contract-files/consulting/processing/9Dcdp9MQv8kgDaNARWuXWWVt8H6G4Y8HzHAMzTGT.pdf | https://moitruongbaochau.sgp1.digitaloceanspaces.com/contract-files/consulting/client_confirmed/TGxmWT7frHrwSOh0tBeUYVg25sQzpDvzgjPI8YJm.pdf,downloads\contract_28_vI5ChGeQd9PSXbYxPSvl7v23Ns8dErkP1RTE8Ylw.pdf | downloads\contract_28_BMSu8t3shIJeXuYhJJqqrP3LPV3NsuKcMdVky4mh.pdf | downloads\contract_28_xoUBVtbAyaI9aM981dWsVhueIzKPSqlE5g1DI26z.pdf | downloads\contract_28_9Dcdp9MQv8kgDaNARWuXWWVt8H6G4Y8HzHAMzTGT.pdf | downloads\contract_28_TGxmWT7frHrwSOh0tBeUYVg25sQzpDvzgjPI8YJm.pdf
30,Pháp lý & Hồ sơ Môi trường,CÔNG TY TNHH DỆT MAY WAN NA,23/2026/HĐKT.BC-WANNA,,-,,,"8,245,000đ","15,070,000đ",,"17,625,600đ","1,000,000đ",MỚI,,13/04/2026,,,Nhật Quỳnh - TPKD — giao bởi Thanh Thảo lúc 28/05/2026 19:58 CE (Ngoài) — giao bởi Thanh Thảo lúc 28/05/2026 19:58,—,,Thanh Thảo,Phòng Kinh doanh,Sau ký,PTH đang kiểm tra,-,Hải Phòng,,":Quốc lộ 37, Xã Nam Sách, Thành phố Hải Phòng, Việt Nam",,,
32,Pháp lý & Hồ sơ Môi trường,CÔNG TY CỔ PHẦN MÍA ĐƯỜNG TÂY NINH,142/2025/HĐKT.BC-MĐTN (2.332.500),,Quan trắc môi trường,,,0đ,"11,060,000đ",,"11,060,000đ",0đ,MỚI,,01/01/2026,,31/01/2026,Nhật Quỳnh - TPKD — giao bởi Nhật Quỳnh - TPKD lúc 20/05/2026 08:46,Anh Tuấn Anh - 0334752177 —,,Nhật Quỳnh - TPKD,Phòng Kinh doanh,Sau ký,Đã hoàn thành,Đã làm BB bàn giao và nghiệm thu kết thúc hợp đồng,Tây Ninh,,"Số 19 Võ Thị Sáu, Phường Tân Ninh, Tỉnh Tây Ninh, Việt Nam",,,
33,Pháp lý & Hồ sơ Môi trường,CÔNG TY TNHH MỘT THÀNH VIÊN THƯƠNG MẠI VÀ BAO BÌ SÀI GÒN,17/2025/HĐKT.BC-BBSG (2.252.500),,Quan trắc môi trường,,,0đ,"8,880,000đ",,"9,590,400đ",0đ,MỚI,,01/01/2026,,30/01/2026,Nguyễn Thị Đăng Thi — giao bởi Nhật Quỳnh - TPKD lúc 20/05/2026 08:47,Chị Quỳnh - 0969176658 —,,Nhật Quỳnh - TPKD,Phòng Kinh doanh,Sau ký,Đã hoàn thành,Đã làm BB bàn giao và nghiệm thu kết thúc hợp đồng,TP. Hồ Chí Minh,,"Lô B56/II, B57/II, Đường số 2E, Khu công nghiệp Vĩnh Lộc, Xã Vĩnh Lộc A, Huyện Bình Chánh, Thành phố Hồ Chí Minh, Việt Nam",,,
34,Pháp lý & Hồ sơ Môi trường,CÔNG TY CỔ PHẦN BẢO VỆ THỰC VẬT SÀI GÒN,19/2025/HĐKT.BC-TVSG (12.440.000),,Quan trắc môi trường,,,0đ,"18,200,000đ",25% còn lại của hợp đồng 2025;,"22,248,000đ","2,000,000đ",MỚI,,01/01/2026,,30/01/2026,Chưa giao việc,Chị Xuân —,,Nhật Quỳnh - TPKD,Phòng Kinh doanh,Sau ký,Đã hoàn thành,Đã làm BB bàn giao và nghiệm thu kết thúc hợp đồng,TP. Hồ Chí Minh,,"Lô C1-C3, Khu Công Nghiệp Hiệp Phước, Huyện Nhà Bè, Thành Phố Hồ Chí Minh, Việt Nam",,,
35,Pháp lý & Hồ sơ Môi trường,CÔNG TY TNHH MỘT THÀNH VIÊN DỊCH VỤ CÔNG ÍCH HUYỆN NHÀ BÈ,"20,21,22,23/2025/HĐKT.BC-CONGICH (16.653.00)",,Quan trắc môi trường,,,0đ,"36,784,100đ",50% còn lại sau khi hoàn thành hợp đồng (4 hợp đồng),"39,726,828đ",0đ,MỚI,,01/01/2026,,29/01/2026,Nguyễn Thị Đăng Thi — giao bởi Nhật Quỳnh - TPKD lúc 20/05/2026 08:47,Chị Yến- 0901199223 —,,Nhật Quỳnh - TPKD,Phòng Kinh doanh,Sau ký,Đã hoàn thành,Đã làm BB bàn giao và nghiệm thu kết thúc hợp đồng,tp,,DỰ ÁN KHU NHÀ Ở,,,
36,Pháp lý & Hồ sơ Môi trường,CÔNG TY TNHH UNIKA VIỆT NAM,40/2025/HĐKT.BC-UNIKA (1.318.000),,Quan trắc môi trường,,,0đ,"4,650,000đ",,"5,022,000đ",0đ,MỚI,,01/01/2026,,28/01/2026,Chưa giao việc,CHỊ HỒNG ANH —,,Nhật Quỳnh - TPKD,Phòng Kinh doanh,Sau ký,Đã hoàn thành,Đã làm BB bàn giao và nghiệm thu kết thúc hợp đồng,TP. Hồ Chí Minh,,"Lô HT-D6a-2, Khu công nghiệp Hiệp Phước, Xã Hiệp Phước, Huyện Nhà Bè, Thành phố Hồ Chí Minh, Việt Nam",,,
37,Pháp lý & Hồ sơ Môi trường,CÔNG TY TNHH MỘT THÀNH VIÊN IN BẾN THÀNH,49/2025/HĐKT.BC-IBT (500.000),,Quan trắc môi trường,,,0đ,"2,496,000đ",,"2,695,680đ",0đ,MỚI,,01/01/2026,,28/01/2026,Chưa giao việc,Chị Ánh - 0909662308 —,,Nhật Quỳnh - TPKD,Phòng Kinh doanh,Sau ký,Đã hoàn thành,Đã làm BB bàn giao và nghiệm thu kết thúc hợp đồng,TP. Hồ Chí Minh,,"160 Hai Bà Trưng, Phường Đa Kao, Quận 1, Thành phố Hồ Chí Minh, Việt Nam",,,
39,Pháp lý & Hồ sơ Môi trường,CÔNG TY TNHH MTV EMUDEN VIỆT NAM,52/2025/HĐKT.BC-EMUDEN (1.775.000),,Quan trắc môi trường,,,0đ,"3,150,000đ",,"3,402,000đ",0đ,MỚI,,01/01/2026,,28/01/2026,Chưa giao việc,Chị Xuyên 0932.798.582 —,,Nhật Quỳnh - TPKD,Phòng Kinh doanh,Sau ký,Đã hoàn thành,Đã làm BB bàn giao và nghiệm thu kết thúc hợp đồng,Long An,,"E4, Đường 5, Khu xưởng Kizuna 2, Lô B2-9-1-10, KCN Tân Kim, Thị Trấn Cần Giuộc, Huyện Cần Giuộc, Tỉnh Long An, Việt Nam",,,
40,Pháp lý & Hồ sơ Môi trường,CÔNG TY CỔ PHẦN ĐẦU TƯ XÂY DỰNG KINH DOANH NHÀ BẾN THÀNH,57/2025/HĐKT.BC-NBT (272.00),,Quan trắc môi trường,,,0đ,"2,240,000đ",,"2,419,200đ",0đ,MỚI,,02/01/2026,,28/01/2026,Chưa giao việc,Anh Sơn 0913111939 —,,Nhật Quỳnh - TPKD,Phòng Kinh doanh,Sau ký,Đã hoàn thành,Đã làm BB bàn giao và nghiệm thu kết thúc hợp đồng,TP. Hồ Chí Minh,,"73 Nguyễn Thái Bình, Phường Bến Thành, Thành phố Hồ Chí Minh, Việt Nam",,,
41,Pháp lý & Hồ sơ Môi trường,CÔNG TY TNHH BERICAP VIỆT NAM,59/2025/HĐKT.BC-BERICAP (790.000),,Quan trắc môi trường,,,0đ,"8,000,000đ",,"8,640,000đ",0đ,MỚI,,02/01/2026,,28/01/2026,Chưa giao việc,Chị Bích 0377125929 —,,Nhật Quỳnh - TPKD,Phòng Kinh doanh,Sau ký,Đã hoàn thành,Đã làm BB bàn giao và nghiệm thu kết thúc hợp đồng,Long An,,"Xưởng 3A-25, 3A-26, Lô 3A (23-24-25-26), Đường số 10, Khu Công nghiệp Long Hậu 3 (Giai đoạn 1), Xã Long Hậu, Huyện Cần Giuộc, Tỉnh Long An, Việt Nam",,,
42,Pháp lý & Hồ sơ Môi trường,CÔNG TY TNHH SẢN XUẤT GIẤY FUJI,84/2025/HĐKT.BC-FUJI (0),,Quan trắc môi trường,,,0đ,"3,575,000đ",,"3,861,000đ",0đ,MỚI,,02/01/2026,,29/01/2026,Chưa giao việc,Anh Quốc 0909178105; Email: kienquoc.1971@gmail.com —,,Nhật Quỳnh - TPKD,Phòng Kinh doanh,Sau ký,Đã hoàn thành,Đã làm BB bàn giao và nghiệm thu kết thúc hợp đồng,Bình Dương,,"Số 38A, Đại lộ Hữu Nghị, Khu công nghiệp Việt Nam- Singapore, Phường Bình Hòa, Thành phố Hồ Chí Minh, Việt Nam.",,,
43,Pháp lý & Hồ sơ Môi trường,CÔNG TY TNHH BAO BÌ C & A,83/2025/HĐKT.BC-C&A (1.920.000),,Quan trắc môi trường,,,0đ,"3,340,000đ",,"3,607,200đ",0đ,MỚI,,01/01/2026,,30/01/2026,Chưa giao việc,Anh Quốc 0909178105; Email: kienquoc.1971@gmail.com —,,Nhật Quỳnh - TPKD,Phòng Kinh doanh,Sau ký,Đã hoàn thành,Đã làm BB bàn giao và nghiệm thu kết thúc hợp đồng,Bình Dương,,"Số 38A, Đại lộ Hữu Nghị, Khu công nghiệp Việt Nam- Singapore, Phường Bình Hòa, Thành phố Hồ Chí Minh, Việt Nam.",,,
44,Pháp lý & Hồ sơ Môi trường,CÔNG TY TNHH SUNG HWA VINA,99/2025/HĐKT.BC-SUNGHWA (2.362.500),,Quan trắc môi trường,,,0đ,"8,270,000đ",,"8,931,600đ",0đ,MỚI,,01/01/2026,,29/01/2026,Chưa giao việc,Anh Hòa 0975242763 —,,Nhật Quỳnh - TPKD,Phòng Kinh doanh,Sau ký,Đã hoàn thành,Đã làm BB bàn giao và nghiệm thu kết thúc hợp đồng,Long An,,"Lô A-10, đường số 2, Khu Công Nghiệp Hòa Bình, Xã Nhị Thành, Huyện Thủ Thừa, Tỉnh Long An, Việt Nam",,,
45,Pháp lý & Hồ sơ Môi trường,CÔNG TY CP THỦY SẢN MINH PHÚ - HẬU GIANG,25/2026/HĐKT.BC-MP,,Quan trắc môi trường lao động và phân loại lao động,,,0đ,"21,090,000đ",Tạm ứng PLLĐ,"26,290,000đ","4,000,000đ",MỚI,,16/04/2026,,17/04/2026,Chưa giao việc,—,,San San,Phòng Kinh doanh,Sau ký,Đã hoàn thành,Đã đề nghị thanh toán/tạm ứng,Hậu Giang,,"Khu Công nghiệp Sông Hậu, Giai đoạn 1, Xã Châu Thành, TP Cần Thơ, Việt Nam",,,
46,Pháp lý & Hồ sơ Môi trường,CÔNG TY CP THỦY SẢN MINH PHÚ - HẬU GIANG,,,Quan trắc môi trường lao động và phân loại lao động,,,0đ,"21,090,000đ",BÁO CÁO PLLĐ,"26,290,000đ","4,000,000đ",MỚI,,16/04/2026,,13/05/2026,Huỳnh Trần Danh — giao bởi San San lúc 11/05/2026 10:27,—,,San San,Phòng Kinh doanh,Sau ký,Đã gửi khách hàng,Đã làm BB bàn giao và nghiệm thu kết thúc hợp đồng,Hậu Giang,,"Khu Công nghiệp Sông Hậu, Giai đoạn 1, Xã Châu Thành, TP Cần Thơ, Việt Nam",,https://moitruongbaochau.sgp1.digitaloceanspaces.com/contract-files/consulting/finished/vZ5ppuWRc7A3jh2QG5k50vw2h7gOEOIx6ze2dskt.docx | https://moitruongbaochau.sgp1.digitaloceanspaces.com/contract-files/consulting/processing/NZt1TZi6Pv7CPryOXa05ezo4tWCCzQOUxxmO87pk.docx,downloads\contract_46_vZ5ppuWRc7A3jh2QG5k50vw2h7gOEOIx6ze2dskt.docx | downloads\contract_46_NZt1TZi6Pv7CPryOXa05ezo4tWCCzQOUxxmO87pk.docx
47,Pháp lý & Hồ sơ Môi trường,NHÀ MÁY SẢN XUẤT DƯỢC PHẨM GMP EU LONG HẬU-CHI NHÁNH CÔNG TY CỔ PHẦN DƯỢC PHẨM 3/2,123/2025/HĐKT.BC-DPLA,,Quan trắc môi trường,,,0đ,"12,515,000đ",100% sau ký,"13,516,200đ",0đ,MỚI,,18/11/2025,,31/01/2026,Chưa giao việc,Anh Phúc 0944633782 —,,Nhật Quỳnh - TPKD,Phòng Kinh doanh,Sau ký,Đã hoàn thành,Đã làm BB bàn giao và nghiệm thu kết thúc hợp đồng,Long An,,"Lô 3D-4, đường số 10, Khu công nghiệp Long Hậu 3 (giai đoạn 1), Xã Long Hậu, Huyện Cần Giuộc, Tỉnh Long An, Việt Nam",,,
48,Pháp lý & Hồ sơ Môi trường,CÔNG TY TNHH ĐIỆN MÁY AQUA VIỆT NAM,144/2025/HĐKT.BC-AQ,03/12/2025/BG-TTBC,Quan trắc môi trường,,,0đ,"4,000,000đ",,"6,480,000đ","1,600,000đ",MỚI,,03/12/2025,,20/01/2026,Chưa giao việc,Anh Tuấn 0916301520 —,,Nhật Quỳnh - TPKD,Phòng Kinh doanh,Sau ký,Đã hoàn thành,Đã làm BB bàn giao và nghiệm thu kết thúc hợp đồng,,,"Số 8. đường 17A, KCN Biên Hòa 2, Phường Trấn Biên, Tỉnh Đồng Nai, Việt Nam",,,
49,Pháp lý & Hồ sơ Môi trường,CÔNG TY CÔ PHẦN BAO BÌ TÂN TIẾN,126/2025/HĐKT.BC-TT,,Quan trắc môi trường,,,0đ,"10,210,000đ",,"11,026,800đ",0đ,MỚI,,28/11/2025,,28/01/2026,Chưa giao việc,Chị Chúc 84584667313 —,,Nhật Quỳnh - TPKD,Phòng Kinh doanh,Sau ký,Đã hoàn thành,Đã làm BB bàn giao và nghiệm thu kết thúc hợp đồng,,,"Lô II4-II5-II10, cụm 4, nhóm CN II, Khu công nghiệp Tân Bình, Đường số 13, Phường Tân Thạnh, TP. Hồ Chí Minh",,,
50,Pháp lý & Hồ sơ Môi trường,CÔNG TY CỔ PHẦN MÍA ĐƯỜNG TÂY NINH,142/2025/HĐKT.BC-MĐTN (3.325.000),,Quan trắc môi trường,,,0đ,"10,145,000đ",,"10,145,000đ",0đ,MỚI,,01/02/2026,,27/02/2026,Nhật Quỳnh - TPKD — giao bởi Nhật Quỳnh - TPKD lúc 10/05/2026 18:16,Anh Tuấn Anh - 0334752177 —,,Nhật Quỳnh - TPKD,Phòng Kinh doanh,Sau ký,Đã hoàn thành,Đã làm BB bàn giao và nghiệm thu kết thúc hợp đồng,,,"Số 19 Võ Thị Sáu, Phường Tân Ninh, Tỉnh Tây Ninh, Việt Nam",,,
51,Pháp lý & Hồ sơ Môi trường,CÔNG TY CỔ PHẦN TẬP ĐOÀN XÂY DỰNG DFS,03/2025/HĐKT.BC-DFS,,Hồ sơ môi trường,,,0đ,"175,000,000đ",Đợt 1: Không xuất hóa đơn Đợt 2: Đã xuất HĐ 154 ngày 26/12/2025 Đợt 3:Đã xuất HĐ 154 ngày 26/12/2025,"378,000,000đ","175,000,000đ",MỚI,,23/01/2025,,27/02/2026,Nhật Quỳnh - TPKD — giao bởi Nhật Quỳnh - TPKD lúc 10/05/2026 18:16,Chị Thảo 0937394406 —,,Nhật Quỳnh - TPKD,Phòng Kinh doanh,Sau ký,Đã hoàn thành,Đã làm BB bàn giao và nghiệm thu kết thúc hợp đồng,TP. Hồ Chí Minh,,"Căn hộ P7-16.09, Tòa Park 7 Vinhomes Central Park, 720A Điện Biên Phủ, Phường 22, Quận Bình Thạnh, Thành phố Hồ Chí Minh, Việt Nam",,,
53,Pháp lý & Hồ sơ Môi trường,CÔNG TY TNHH MTV TMDV THIÊN LONG HOÀN CẦU,150/2025/HĐKT.BC-THIENLONGHC(12/2025/BG-NQBC),,Quan trắc môi trường,,,0đ,"3,500,000đ",,"3,780,000đ",0đ,MỚI,,22/12/2025,,28/02/2026,Huỳnh Trần Danh — giao bởi Nhật Quỳnh - TPKD lúc 10/05/2026 18:16,Anh Tân 0902429963 —,,Nhật Quỳnh - TPKD,Phòng Kinh doanh,Sau ký,Đã hoàn thành,Đã làm BB bàn giao và nghiệm thu kết thúc hợp đồng,,,"658P, 658R, đường Phạm Văn Chí, Phường Bình Tiên, Thành phố Hồ Chí minh, Việt Nam",,https://moitruongbaochau.sgp1.digitaloceanspaces.com/contract-files/consulting/finished/SbaN8X7t34UsBpWZ0gyB5UYVK7Rp89oHygsCzKZk.docx | https://moitruongbaochau.sgp1.digitaloceanspaces.com/contract-files/consulting/processing/dozTAi5u4bjBpLPEjGSnCkfRiksqV09Fq8hXFhvJ.docx,downloads\contract_53_SbaN8X7t34UsBpWZ0gyB5UYVK7Rp89oHygsCzKZk.docx | downloads\contract_53_dozTAi5u4bjBpLPEjGSnCkfRiksqV09Fq8hXFhvJ.docx
54,Pháp lý & Hồ sơ Môi trường,XÍ NGHIỆP BẢO VỆ THỰC VẬT SÀI GÒN,10/2026/HĐKT.BC-BVTVSG (8.742.000),,Quan trắc môi trường,,,0đ,"23,425,000đ",Đợt 1 2026,"28,809,000đ","2,500,000đ",TÁI KÝ,,10/03/2026,,14/03/2026,Le Hoang Thu Thao — giao bởi Nhật Quỳnh - TPKD lúc 10/05/2026 18:16 Mỹ Trân — giao bởi Nhật Quỳnh - TPKD lúc 10/05/2026 18:16,Chị Xuân —,,Nhật Quỳnh - TPKD,Phòng Kinh doanh,Sau ký,Đã gửi khách hàng,-,TP. Hồ Chí Minh,,"Lô C1-C3 KCN Hiệp Phước, TP.HCM",,https://moitruongbaochau.sgp1.digitaloceanspaces.com/contract-files/consulting/finished/XX7zCYSLHu07m24HzSyq3h8m9O2kfQqPMZYDQfug.pdf | https://moitruongbaochau.sgp1.digitaloceanspaces.com/contract-files/consulting/waiting_client/1GIhsg8FqGC3pwMSWW9fvqOPUHAcI69FfrTextOL.pdf | https://moitruongbaochau.sgp1.digitaloceanspaces.com/contract-files/consulting/processing/WHzscfQUN7X0Vk7q9SCMc3WSRbsaS549E3YLQ8hh.pdf | https://moitruongbaochau.sgp1.digitaloceanspaces.com/contract-files/consulting/survey/84QtK9hlHCYQz01PGBoiOGve4Smbaic6lysLuVvF.pdf | https://moitruongbaochau.sgp1.digitaloceanspaces.com/contract-files/consulting/client_confirmed/IdcTggLPxbnG4ahZPI5fzfcV8TZ8YUBsdl6Crxld.pdf,downloads\contract_54_XX7zCYSLHu07m24HzSyq3h8m9O2kfQqPMZYDQfug.pdf | downloads\contract_54_1GIhsg8FqGC3pwMSWW9fvqOPUHAcI69FfrTextOL.pdf | downloads\contract_54_WHzscfQUN7X0Vk7q9SCMc3WSRbsaS549E3YLQ8hh.pdf | downloads\contract_54_84QtK9hlHCYQz01PGBoiOGve4Smbaic6lysLuVvF.pdf | downloads\contract_54_IdcTggLPxbnG4ahZPI5fzfcV8TZ8YUBsdl6Crxld.pdf
55,Pháp lý & Hồ sơ Môi trường,NGÂN HÀNG THƯƠNG MẠI CỔ PHẦN NAM Á,"""28/2026/BG-BC-NQBC (14/2025/HĐKT.BC-NAMA)""",,Quan trắc môi trường lao động,,,0đ,"5,402,000đ",,"5,834,160đ",0đ,TÁI KÝ,,12/03/2026,,14/03/2026,Huỳnh Trần Danh — giao bởi Nhật Quỳnh - TPKD lúc 10/05/2026 18:16,Anh An —,,Nhật Quỳnh - TPKD,Phòng Kinh doanh,Sau ký,Đã gửi khách hàng,Đã xuất hóa đơn,TP. Hồ Chí Minh,,"201-203 Cách Mạng Tháng Tám, Phường Bàn Cờ, TP Hồ Chí Minh, Việt Nam",,https://moitruongbaochau.sgp1.digitaloceanspaces.com/contract-files/consulting/processing/Xhl5uFZJebYXB22YyGISevkI6pJbQYhl2vj1QvCV.docx | https://moitruongbaochau.sgp1.digitaloceanspaces.com/contract-files/consulting/finished/zGqqA9BkKojVMFb8MTZHKydeDp3wZJPSf6ESFwj7.docx,downloads\contract_55_Xhl5uFZJebYXB22YyGISevkI6pJbQYhl2vj1QvCV.docx | downloads\contract_55_zGqqA9BkKojVMFb8MTZHKydeDp3wZJPSf6ESFwj7.docx
56,Pháp lý & Hồ sơ Môi trường,CÔNG TY CỔ PHẦN DỊCH VỤ SẮC KÝ,13/03/2026/BG-NQBC (16/2026/HĐKT.BC-SKSG),,Quan trắc môi trường lao động,,,0đ,"11,665,000đ","SUDIMA, ESCHBACH, PURATOS GRAND","13,889,880đ",0đ,MỚI,,06/03/2026,,31/03/2026,Huỳnh Trần Danh — giao bởi Nhật Quỳnh - TPKD lúc 10/05/2026 18:16,Chị Hằng —,,Nhật Quỳnh - TPKD,Phòng Kinh doanh,Sau ký,Đã hoàn thành,Đã xuất hóa đơn,TP. Hồ Chí Minh,,"40/7 Đường Đông Hưng Thuận 14B, Phường Đông Hưng Thuận, TP Hồ Chí Minh",,,
57,Pháp lý & Hồ sơ Môi trường,CÔNG TY TNHH MTV DỊCH VỤ CÔNG ÍCH NHÀ BÈ,"11,12 /2026/HĐKT.BC-CONGICH (4.942.200)",,Quan trắc môi trường,,,0đ,"18,757,200đ",,"20,257,776đ","2,315,000đ",TÁI KÝ,,14/03/2026,,31/03/2026,Nguyễn Thị Đăng Thi — giao bởi Nhật Quỳnh - TPKD lúc 10/05/2026 18:12,Chị Yến —,,Nhật Quỳnh - TPKD,Phòng Kinh doanh,Sau ký,Đã gửi khách hàng,Đã đề nghị thanh toán/tạm ứng,TP. Hồ Chí Minh,,"2281/16 Huỳnh Tấn Phát, Khu phố 7, Thị Trấn Nhà Bè, Huyện Nhà Bè, TP HCM",,,
58,Pháp lý & Hồ sơ Môi trường,CÔNG TY TNHH SAMDUK VIỆT NAM,17/2026/HĐKT.BC-SAMDUK,,Quan trắc môi trường,,,"1,776,000đ","39,100,000đ",,"44,928,000đ","2,000,000đ",MỚI,,26/03/2026,,,Le Hoang Thu Thao — giao bởi Nhật Quỳnh - TPKD lúc 10/05/2026 18:12,—,,Nhật Quỳnh - TPKD,Phòng Kinh doanh,Sau ký,Đã gửi khách hàng,Đã đề nghị thanh toán/tạm ứng,Long An,,"Lô F2, Đường số 7, KCN Hòa Bình, Xã Nhị Thành, Huyện Thủ Thừa, Tỉnh Long An",,,
59,Pháp lý & Hồ sơ Môi trường,CÔNG TY TNHH ĐIỆN MÁY AQUA VIỆT NAM,"""01-2026/AEV-MTBC (20/2026/HĐKT.BC_AQUA)""",,Quan trắc môi trường lao động,,,"5,520,000đ","26,346,250đ",,"30,110,000đ","3,011,000đ",MỚI,,26/03/2026,,06/04/2026,Huỳnh Trần Danh — giao bởi Nhật Quỳnh - TPKD lúc 10/05/2026 18:12,Anh Tuấn 0916301520 —,,Nhật Quỳnh - TPKD,Phòng Kinh doanh,Sau ký,Đã hoàn thành,Đã làm biên bản bàn giao hồ sơ,Đồng Nai,,"Số 8, đường 17A, KCN Biên Hòa 2, phường Trấn Biên, Tỉnh Đồng Nai, Việt Nam",,https://moitruongbaochau.sgp1.digitaloceanspaces.com/contract-files/consulting/processing/zar0AcxLawYZFbt8Hb9lsmcgtzC1rB86TK8tPmnL.docx | https://moitruongbaochau.sgp1.digitaloceanspaces.com/contract-files/consulting/finished/QSDDqQC0WHHRWIccLHlRwG3brWAJdmMFesqCOO2W.docx,downloads\contract_59_zar0AcxLawYZFbt8Hb9lsmcgtzC1rB86TK8tPmnL.docx | downloads\contract_59_QSDDqQC0WHHRWIccLHlRwG3brWAJdmMFesqCOO2W.docx
60,Pháp lý & Hồ sơ Môi trường,CÔNG TY TNHH SAMDUK VIỆT NAM,,,Hồ sơ môi trường,,,0đ,"80,100,000đ",QUAN TRẮC VHTN (ĐỢT 2),"84,000,000đ","3,000,000đ",CHUYỂN,,,,23/04/2026,Nhật Quỳnh - TPKD — giao bởi San San lúc 11/05/2026 11:41,—,,San San,Phòng Kinh doanh,Sau ký,PTH đang kiểm tra,-,Long An,,"Lô F2, Đường số 7, KCN Hòa Bình, Xã Nhị Thành, Huyện Thủ Thừa, Tỉnh Long An",,,
61,Pháp lý & Hồ sơ Môi trường,CÔNG TY TNHH SAMDUK VIỆT NAM,,,Hồ sơ môi trường,,,0đ,"80,100,000đ",BÁO CÁO VHTN (ĐỢT 3),"84,000,000đ","3,000,000đ",CHUYỂN,,,,,Chưa giao việc,—,,San San,Phòng Kinh doanh,Sau ký,PTH đang kiểm tra,-,Long An,,"Lô F2, Đường số 7, KCN Hòa Bình, Xã Nhị Thành, Huyện Thủ Thừa, Tỉnh Long An",,,
62,Pháp lý & Hồ sơ Môi trường,CÔNG TY TNHH SX – TM VÀ DỊCH VỤ HÀNG HẢI TÂN VĨNH LỘC,,,Quan trắc môi trường,,,0đ,"2,600,000đ",,"2,808,000đ",0đ,MỚI,,15/12/2025,,01/01/2026,Chưa giao việc,Chị Quỳnh cho thông tin lên HĐ —,,Thanh Thảo,Phòng Kinh doanh,Sau ký,Đã gửi khách hàng,-,,,"32R Ðường Gò Ô Môi, Phường Phú Thuận, Thành Phố Hồ Chí Minh, Việt Nam.",,,
63,Pháp lý & Hồ sơ Môi trường,CÔNG TY TNHH CÔNG NGHỆ ZHENGXING VIỆT NAM,,,Quan trắc môi trường,,,0đ,"3,500,000đ",,"3,780,000đ",0đ,MỚI,,26/11/2025,,,Chưa giao việc,Chị Nga —,,Thanh Thảo,Phòng Kinh doanh,Sau ký,PTH đang kiểm tra,-,,,"Lô A1/1, Đường số 2, KCN Nam Đồng Phú, Xã Đồng Phú, Tỉnh Đồng Nai, Việt Nam",,,
64,Pháp lý & Hồ sơ Môi trường,CÔNG TY CỔ PHẦN VẬN TẢI SẢN PHẨM KHÍ QUỐC TẾ,,,Quan trắc môi trường,,,0đ,"5,940,000đ",,"6,415,200đ",0đ,MỚI,,31/10/2025,,,Chưa giao việc,Công ty chào giá dịch vụ qua gmail —,,Thanh Thảo,Phòng Kinh doanh,Sau ký,PTH đang kiểm tra,-,,,"Tầng 12A, Tòa nhà Sofic, số 10 Mai Chí Thọ, phường An Khánh, Thành phố Hồ Chí Minh, Việt Nam",,,
65,Pháp lý & Hồ sơ Môi trường,CÔNG TY TNHH MTV DAEGO VINA,,,Quan trắc môi trường,,,0đ,"4,000,000đ",,"4,320,000đ",0đ,MỚI,,15/12/2025,,,Chưa giao việc,—,,Thanh Thảo,Phòng Kinh doanh,Sau ký,PTH đang kiểm tra,-,,,"Lô Q-9, Đường Số 8, KCN Long Hậu mở rộng, Ấp 3, Xã Cần Giuộc, Tỉnh Tây Ninh, Việt Nam",,,
66,Pháp lý & Hồ sơ Môi trường,Quan Trắc Nhà (Chỉnh chỉ tiêu),,,Quan trắc môi trường,,,0đ,"8,120,000đ",,"8,769,600đ",0đ,MỚI,,,,,Chưa giao việc,Chị Nguyện Công —,,Thanh Thảo,Phòng Kinh doanh,Sau ký,PTH đang kiểm tra,-,,,"Quốc lộ 50, Bình Chánh",,,
67,Pháp lý & Hồ sơ Môi trường,CÔNG TY CỔ PHẦN DỊCH VỤ SẮC KÝ,26/2026/HĐKT.BC-SK,,Quan trắc môi trường lao động,,,"4,400,000đ","9,900,000đ",( Công ty EAST WEST INDUSTRIES ),"10,692,000đ",0đ,MỚI,,26/03/2026,,,Huỳnh Trần Danh — giao bởi Nhật Quỳnh - TPKD lúc 10/05/2026 18:11,Chị Hằng —,VIỆN Y TẾ CÔNG CỘNG TP. HỒ CHÍ MINH,Nhật Quỳnh - TPKD,Phòng Kinh doanh,Sau ký,PTH đang kiểm tra,Đã làm biên bản bàn giao hồ sơ,TP. Hồ Chí Minh,,"40/7 Đường Đông Hưng Thuận 14B, Phường Đông Hưng Thuận, TP Hồ Chí Minh",,,
68,Pháp lý & Hồ sơ Môi trường,CÔNG TY TNHH SUNG HWA VINA,21/2026/HĐKT.BC- SUNGHWA,,Quan trắc môi trường,,,"12,900,000đ","16,825,000đ",,"20,196,000đ","1,500,000đ",MỚI,,30/03/2026,,27/05/2026,Le Hoang Thu Thao — giao bởi Nhật Quỳnh - TPKD lúc 30/05/2026 09:38 Nguyễn Thị Đăng Thi — giao bởi Nhật Quỳnh - TPKD lúc 30/05/2026 09:38,Anh Hòa 0975242763 —,TRUNG TÂM TƯ VẤN VÀ TRUYỀN THÔNG MÔI TRƯỜNG (CEC),Nhật Quỳnh - TPKD,Phòng Kinh doanh,Sau ký,PTH đang kiểm tra,-,Long An,,"Lô A-10, đường số 2, Khu Công Nghiệp Hòa Bình, Xã Nhị Thành, Huyện Thủ Thừa, Tỉnh Long An, Việt Nam",,,
69,Pháp lý & Hồ sơ Môi trường,CÔNG TY TNHH PHÒNG KHÁM ĐA KHOA HOÀNG ANH ĐỨC,,,Quan trắc môi trường lao động,,,0đ,"1,250,000đ",ĐÃ TT,"1,350,000đ",0đ,MỚI,,01/04/2026,,22/04/2026,Huỳnh Trần Danh — giao bởi Nhật Quỳnh - TPKD lúc 10/05/2026 18:11,anh Phong —,,Nhật Quỳnh - TPKD,Phòng Kinh doanh,Sau ký,Đã hoàn thành,Đã làm BB bàn giao và nghiệm thu kết thúc hợp đồng,Đồng Nai,,"Trung đoàn 22 - Quân đoàn 4, khu phố 26, Phường Long Bình, Tỉnh Đồng Nai, Việt Nam",,https://moitruongbaochau.sgp1.digitaloceanspaces.com/contract-files/consulting/processing/nGv1q9AByFudSdgXzSDrHL2RJ0ugJqhPa9sa3DYV.docx | https://moitruongbaochau.sgp1.digitaloceanspaces.com/contract-files/consulting/finished/GTJQJwNX75Pg6dHJmmInhCQMUMtRp3lzV6B299dK.docx,downloads\contract_69_nGv1q9AByFudSdgXzSDrHL2RJ0ugJqhPa9sa3DYV.docx | downloads\contract_69_GTJQJwNX75Pg6dHJmmInhCQMUMtRp3lzV6B299dK.docx
71,Pháp lý & Hồ sơ Môi trường,CÔNG TY TNHH NĂNG LƯỢNG GELEX NINH THUẬN,,,Quan trắc môi trường lao động,,,0đ,"10,730,000đ",QTMT quý 2 và QTMTLĐ (tháng 6),"10,730,000đ",0đ,MỚI,,06/05/2026,,30/06/2026,Huỳnh Trần Danh — giao bởi San San lúc 11/05/2026 10:25,—,,San San,Phòng Kinh doanh,Sau ký,PTH đang kiểm tra,-,Ninh Thuận,,"Thôn Sơn Hải, Xã Phước Dinh, Tỉnh Khánh Hòa, Việt Nam",,,
72,Pháp lý & Hồ sơ Môi trường,CÔNG TY TNHH NĂNG LƯỢNG GELEX NINH THUẬN,,,Quan trắc môi trường,,,0đ,"5,300,000đ",QTMT quý 3,"5,300,000đ",0đ,MỚI,,06/05/2026,,,Chưa giao việc,—,,San San,Phòng Kinh doanh,Sau ký,PTH đang kiểm tra,-,Ninh Thuận,,"Thôn Sơn Hải, Xã Phước Dinh, Tỉnh Khánh Hòa, Việt Nam",,,
73,Pháp lý & Hồ sơ Môi trường,CÔNG TY TNHH NĂNG LƯỢNG GELEX NINH THUẬN,,,Quan trắc môi trường,,,0đ,"5,300,000đ",QTMT quý 4,"5,300,000đ",0đ,MỚI,,06/05/2026,,,Chưa giao việc,—,,San San,Phòng Kinh doanh,Sau ký,PTH đang kiểm tra,-,Ninh Thuận,,"Thôn Sơn Hải, Xã Phước Dinh, Tỉnh Khánh Hòa, Việt Nam",,,
74,Pháp lý & Hồ sơ Môi trường,CÔNG TY TNHH IN BAO BÌ CƯỜNG PHÁT,,,Hồ sơ môi trường,,,0đ,"5,400,000đ",BCCTBVMT 2026,"5,400,000đ",0đ,MỚI,,09/05/2026,,,Chưa giao việc,—,,San San,Phòng Kinh doanh,Sau ký,PTH đang kiểm tra,-,,,"124 Võ Văn Kiệt, Phường Long Tuyền, TP Cần Thơ, Việt Nam",,,
79,Pháp lý & Hồ sơ Môi trường,CÔNG TY CỔ PHẦN DỊCH VỤ SẮC KÝ,,,Quan trắc môi trường lao động,,,0đ,"12,620,500đ","Địa chỉ: CÔNG TY TNHH TOPBAND SMART ĐỒNG NAI (VIỆT NAM) Lô D, KCN Lộc An - Bình Sơn, Xã Long Thành, Tỉnh Đồng Nai, Việt Nam","13,630,140đ",0đ,MỚI,,22/04/2026,,11/05/2026,Huỳnh Trần Danh — giao bởi Nhật Quỳnh - TPKD lúc 11/05/2026 00:24,Chị Hằng —,VIỆN Y TẾ CÔNG CỘNG TP. HỒ CHÍ MINH,Nhật Quỳnh - TPKD,Phòng Kinh doanh,Sau ký,PTH đang kiểm tra,-,,,"40/7 Đường Đông Hưng Thuận 14B, Phường Đông Hưng Thuận, TP Hồ Chí Minh",,,
81,Pháp lý & Hồ sơ Môi trường,CÔNG TY CỔ PHẦN DỊCH VỤ SẮC KÝ,,,Quan trắc môi trường lao động,,,0đ,"10,531,000đ","CÔNG TY TNHH SXTM SÀI GÒN RIVER VIỆT NAM, CÔNG TY TNHH FRAMAS VIỆT NAM","11,373,480đ",0đ,MỚI,,11/05/2026,,30/05/2026,Huỳnh Trần Danh — giao bởi Nhật Quỳnh - TPKD lúc 11/05/2026 01:18,Chị Hằng —,,Nhật Quỳnh - TPKD,Phòng Kinh doanh,Sau ký,PTH đang kiểm tra,-,,,"40/7 Đường Đông Hưng Thuận 14B, Phường Đông Hưng Thuận, TP Hồ Chí Minh",,,
82,Pháp lý & Hồ sơ Môi trường,Công ty TNHH Xây Dựng Và Thương Mại Tuấn Danh,35/2026/HĐKTBC_TD (81/2026/BG-NQBC)(0),,Quan trắc môi trường lao động,,,0đ,"5,900,000đ",,"5,900,000đ","500,000đ",MỚI,,11/04/2026,,31/05/2026,Huỳnh Trần Danh — giao bởi Nhật Quỳnh - TPKD lúc 11/05/2026 01:36,ANH CHÚNG —,,Nhật Quỳnh - TPKD,Phòng Kinh doanh,Sau ký,PTH đang kiểm tra,-,,,"số 01 Lữ Gia, Phường Phú Thọ, Tp. Hồ Chí Minh",,https://moitruongbaochau.sgp1.digitaloceanspaces.com/contract-files/consulting/finished/KxWtIE2HcGCzJ9OjWxG9TXOCe80OHLzsHwTWnMKw.docx | https://moitruongbaochau.sgp1.digitaloceanspaces.com/contract-files/consulting/processing/SSNUUwKOjuSaUkigZLB0YSESUyEHKdtKXPl6iJoI.docx,downloads\contract_82_KxWtIE2HcGCzJ9OjWxG9TXOCe80OHLzsHwTWnMKw.docx | downloads\contract_82_SSNUUwKOjuSaUkigZLB0YSESUyEHKdtKXPl6iJoI.docx
83,Pháp lý & Hồ sơ Môi trường,CÔNG TY TNHH SẢN XUẤT THƯƠNG MẠI THIÊN LONG LONG THÀNH,,,Quan trắc môi trường lao động,,,0đ,"31,445,000đ",,"33,960,600đ",0đ,TÁI KÝ,,08/05/2026,,31/05/2026,Huỳnh Trần Danh — giao bởi Nhật Quỳnh - TPKD lúc 11/05/2026 01:38,ANH TÂN —,VIỆN Y TẾ CÔNG CỘNG TP. HỒ CHÍ MINH,Nhật Quỳnh - TPKD,Phòng Kinh doanh,Sau ký,PTH đang kiểm tra,-,,,"Đường số 7, Khu công nghiệp Long Thành, Xã An Phước, Tỉnh Đồng Nai, Việt Nam",,,
84,Pháp lý & Hồ sơ Môi trường,CÔNG TY TNHH NINGBO CHANGYA PLASTIC (VIỆT NAM),,,Quan trắc môi trường lao động,,,0đ,"13,675,000đ",,"16,794,000đ","1,500,000đ",MỚI,,08/05/2026,,25/05/2026,Huỳnh Trần Danh — giao bởi Nhật Quỳnh - TPKD lúc 11/05/2026 01:42,ANH NAM —,VIỆN Y TẾ CÔNG CỘNG TP. HỒ CHÍ MINH,Nhật Quỳnh - TPKD,Phòng Kinh doanh,Sau ký,PTH đang kiểm tra,-,,,"Lô A22.2A,2B,1C,B7.1 Đường D6,C4,D7,C3 KCN Thành Thành Công, Phường Trảng Bàng, Tỉnh Tây Ninh, Việt Nam",,,
85,Pháp lý & Hồ sơ Môi trường,CÔNG TY TNHH MỘT THÀNH VIÊN THƯƠNG MẠI VÀ BAO BÌ SÀI GÒN,,,Quan trắc môi trường,,,0đ,"7,040,000đ",,"7,040,000đ","500,000đ",MỚI,,04/05/2026,,31/05/2026,Chưa giao việc,Chị Quỳnh - 0969176658 —,CÔNG TY CỔ PHẦN XÂY DỰNG VÀ MÔI TRƯỜNG ĐẠI PHÚ,Nhật Quỳnh - TPKD,Phòng Kinh doanh,Sau ký,PTH đang kiểm tra,-,,,"Lô B56/II, B57/II, Đường số 2E, Khu công nghiệp Vĩnh Lộc, Xã Vĩnh Lộc A, Huyện Bình Chánh, Thành phố Hồ Chí Minh, Việt Nam",,,
86,Pháp lý & Hồ sơ Môi trường,HỘ KINH DOANH CƠ SỞ HUYNH ĐỆ TỀ HÙNG,29/2026/HĐKT.BC-TEHUNG,,Quan trắc môi trường,,,"9,170,000đ","9,814,000đ",,"11,679,120đ","1,000,000đ",MỚI,,23/04/2026,,31/05/2026,Nguyễn Thị Đăng Thi — giao bởi Nhật Quỳnh - TPKD lúc 11/05/2026 02:05,—,CÔNG TY CỔ PHẦN XÂY DỰNG VÀ MÔI TRƯỜNG ĐẠI PHÚ,Nhật Quỳnh - TPKD,Phòng Kinh doanh,Sau ký,PTH đang kiểm tra,-,,,"641 Tỉnh Lộ 2, Ấp Lào Táo Thượng, Xã Thái Mỹ, TP Hồ Chí Minh, Việt Nam",,,
87,Pháp lý & Hồ sơ Môi trường,CHI NHÁNH CÔNG TY TNHH THƯƠNG MẠI TÂN ĐỒNG PHÚC,,,Quan trắc môi trường,,,0đ,"3,380,000đ",QT không khí 2026 (tháng 11),"3,380,000đ",0đ,MỚI,,13/05/2026,,,Nguyễn Thị Đăng Thi — giao bởi San San lúc 13/05/2026 13:16,—,CÔNG TY TNHH KHOA HỌC CÔNG NGHỆ VÀ PHÂN TÍCH MÔI TRƯỜNG PHƯƠNG NAM,San San,Phòng Kinh doanh,Sau ký,PTH đang kiểm tra,-,TP. Hồ Chí Minh,,"285 Đường Vành Đai Trong, Phường An Lạc, TP Hồ Chí Minh, Việt Nam",,,
88,Pháp lý & Hồ sơ Môi trường,CHI NHÁNH CÔNG TY TNHH THƯƠNG MẠI TÂN ĐỒNG PHÚC,,,Hồ sơ môi trường,,,0đ,"2,880,000đ",BCCTBVMT 2026,"3,380,000đ","500,000đ",MỚI,,13/05/2026,,,Chưa giao việc,—,CÔNG TY TNHH KHOA HỌC CÔNG NGHỆ VÀ PHÂN TÍCH MÔI TRƯỜNG PHƯƠNG NAM,San San,Phòng Kinh doanh,Sau ký,PTH đang kiểm tra,-,TP. Hồ Chí Minh,,"285 Đường Vành Đai Trong, Phường An Lạc, TP Hồ Chí Minh, Việt Nam",,,
89,Pháp lý & Hồ sơ Môi trường,CÔNG TY CỔ PHẦN THỰC PHẨM GN,,,Hồ sơ môi trường,,,0đ,"3,500,000đ",BCCTBVMT 2026,"3,850,000đ",0đ,TÁI KÝ,,16/05/2026,,,Chưa giao việc,—,,San San,Phòng Kinh doanh,Sau ký,PTH đang kiểm tra,-,Long An,,"P.02B Đường Trung Tâm, KCN Long Hậu mở rộng, Xã Cần Giuộc, Tỉnh Tây Ninh, Việt Nam",,,
90,Pháp lý & Hồ sơ Môi trường,CÔNG TY CỔ PHẦN DƯỢC PHẨM 2/9,40/2026/HĐKT.BC-DP2/9,,Quan trắc môi trường,,,0đ,"8,351,000đ",TẠM ỨNG ĐỢT 1,"8,351,000đ",0đ,MỚI,,22/05/2026,,25/05/2026,Chưa giao việc,—,,San San,Phòng Kinh doanh,Sau ký,PTH đang kiểm tra,Đã đề nghị thanh toán/tạm ứng,TP. Hồ Chí Minh,,"299/22 Lý Thường Kiệt, Phường Phú Thọ, TP Hồ Chí Minh, Việt Nam",,,
91,Pháp lý & Hồ sơ Môi trường,CÔNG TY CỔ PHẦN DƯỢC PHẨM 2/9,,,Quan trắc môi trường,,,0đ,"16,702,000đ",QTMT QUÝ 4 + BCCTBVMT 2026,"16,702,000đ",0đ,MỚI,,22/05/2026,,,Chưa giao việc,—,TRUNG TÂM TƯ VẤN VÀ TRUYỀN THÔNG MÔI TRƯỜNG (CEC),San San,Phòng Kinh doanh,Sau ký,PTH đang kiểm tra,-,TP. Hồ Chí Minh,,"299/22 Lý Thường Kiệt, Phường Phú Thọ, TP Hồ Chí Minh, Việt Nam",,,
92,Pháp lý & Hồ sơ Môi trường,CÔNG TY TNHH PETERSON - ECO2 VIỆT NAM,,,Hồ sơ môi trường,,,0đ,"21,250,000đ",TẠM ỨNG ĐỢT 1 (50%),"27,500,000đ","5,000,000đ",MỚI,,19/05/2026,,30/05/2026,Chưa giao việc,—,CHỊ LAN (CỘNG TÁC VIÊN),San San,Phòng Kinh doanh,Sau ký,PTH đang kiểm tra,-,Bình Dương,,"11A2, lô B, Đường NA5, khu công nghiệp Mỹ Phước 2, Phường Bến Cát, TP Hồ Chí Minh, Việt Nam",,,
93,Pháp lý & Hồ sơ Môi trường,CÔNG TY TNHH PETERSON - ECO2 VIỆT NAM,,,Hồ sơ môi trường,,,0đ,"27,500,000đ",ĐỢT 2 (50%) SAU KHI HOÀN THÀNH ĐKMT,"27,500,000đ",0đ,MỚI,,19/05/2026,,,Chưa giao việc,—,CHỊ LAN (CỘNG TÁC VIÊN),San San,Phòng Kinh doanh,Sau ký,PTH đang kiểm tra,-,Bình Dương,,"11A2, lô B, Đường NA5, khu công nghiệp Mỹ Phước 2, Phường Bến Cát, TP Hồ Chí Minh, Việt Nam",,,
94,Pháp lý & Hồ sơ Môi trường,CÔNG TY CỔ PHẦN DƯỢC PHẨM 2/9,,,Quan trắc môi trường,,,0đ,"8,351,000đ",THANH TOÁN ĐỢT 3 BCCTBVMT CUỐI NĂM,"8,351,000đ",0đ,MỚI,,22/05/2026,,,Chưa giao việc,—,TRUNG TÂM TƯ VẤN VÀ TRUYỀN THÔNG MÔI TRƯỜNG (CEC),San San,Phòng Kinh doanh,Sau ký,PTH đang kiểm tra,-,TP. Hồ Chí Minh,,"299/22 Lý Thường Kiệt, Phường Phú Thọ, TP Hồ Chí Minh, Việt Nam",,,
95,Pháp lý & Hồ sơ Môi trường,CÔNG TY CỔ PHẦN ĐẦU TƯ DỪA BẾN TRE,,,QTMT và BCCTBVMT,,,0đ,"21,895,000đ",,"29,316,600đ","3,500,000đ",MỚI,,03/02/2026,,,Mỹ Trân — giao bởi Thanh Thảo lúc 28/05/2026 19:58 CEC (Ngoài) — giao bởi Thanh Thảo lúc 28/05/2026 19:58,Chị Bích Vân —,TRUNG TÂM TƯ VẤN VÀ TRUYỀN THÔNG MÔI TRƯỜNG (CEC),Thanh Thảo,Phòng Kinh doanh,Sau ký,PTH đang kiểm tra,-,Bến Tre,,"Số 110, Khu phố Thanh Sơn 2, Phường Bến Tre, Tỉnh Vĩnh Long, Việt Nam",,,
96,Pháp lý & Hồ sơ Môi trường,CÔNG TY TNHH ELECTRONIC TRIPOD VIỆT NAM (BIÊN HÒA),,,QTMT và BCCTBVMT,,,0đ,"7,180,000đ",,"7,754,400đ",0đ,MỚI,,30/01/2026,,,Mỹ Trân — giao bởi Thanh Thảo lúc 28/05/2026 19:58 CEC (Ngoài) — giao bởi Thanh Thảo lúc 28/05/2026 19:58,—,TRUNG TÂM TƯ VẤN VÀ TRUYỀN THÔNG MÔI TRƯỜNG (CEC),Thanh Thảo,Phòng Kinh doanh,Sau ký,PTH đang kiểm tra,-,,,"Số 31, Đường 3A, KCN Biên Hòa 2, Phường Trấn Biên, Tỉnh Đồng Nai, Việt Nam",,,
97,Pháp lý & Hồ sơ Môi trường,CÔNG TY CP TIẾT KIỆM NĂNG LƯỢNG BÁCH KHOA (ECC),,,QTMT và BCCTBVMT,,,0đ,"68,648,800đ",Tổng HĐ:171.622.000- HH 3 triệu +750k thuế HH = 175.372.000đ chưa VAT Đợt 1 TT 40%,"75,760,704đ","1,200,000đ",MỚI,,04/04/2026,,25/05/2026,Chưa giao việc,CHỊ CHÂM —,TRUNG TÂM TƯ VẤN VÀ TRUYỀN THÔNG MÔI TRƯỜNG (CEC),Nhật Quỳnh - TPKD,Phòng Kinh doanh,Sau ký,PTH đang kiểm tra,-,,,"Công ty TNHH New Wide Lô K-3A- CN, đường N8, KCN Mỹ Phước, Phường Thới Hòa, TP Hồ Chí Minh, Việt Nam",,,
98,Pháp lý & Hồ sơ Môi trường,CÔNG TY CỔ PHẦN TƯ VẤN VÀ DỊCH VỤ KỸ THUẬT MSA,,,Hồ sơ môi trường,,,0đ,"38,016,000đ",,"41,057,280đ",0đ,MỚI,,10/01/2025,,15/05/2026,Mỹ Trân — giao bởi Nhật Quỳnh - TPKD lúc 30/05/2026 13:28 Nguyễn Thị Đăng Thi — giao bởi Nhật Quỳnh - TPKD lúc 30/05/2026 13:28,—,,Nhật Quỳnh - TPKD,Phòng Kinh doanh,Sau ký,PTH đang kiểm tra,-,Bà Rịa - Vũng Tàu,,"Số 117A Mạc Đĩnh Chi, Phường Vũng Tàu, TP Hồ Chí Minh, Việt Nam",,,
8,Chất thải & Tiếng ồn,CHI NHÁNH CÔNG TY TNHH THƯƠNG MẠI TÂN ĐỒNG PHÚC,,,,,,0đ,"6,400,000đ",,"7,560,000đ","500,000đ",MỚI,-,13/05/2026,-,-,Chưa giao việc,,Công ty CP Công Nghệ Môi Trường Trái Đất Xanh,San San,Phòng Kinh doanh,Sau ký,Đã trình ký nhà thầu phụ,Chưa chọn,,,,"285 Đường Vành Đai Trong, Phường An Lạc, TP Hồ Chí Minh, Việt Nam",,
7,Chất thải & Tiếng ồn,CÔNG TY TNHH IN BAO BÌ CƯỜNG PHÁT,,,,,,0đ,"9,720,000đ",,"9,720,000đ",0đ,MỚI,-,09/05/2026,-,-,Chưa giao việc,,Công ty CP Công Nghệ Môi Trường Trái Đất Xanh,San San,Phòng Kinh doanh,Sau ký,Đã trình ký nhà thầu phụ,Chưa chọn,,,,"124 Võ Văn Kiệt, Phường Long Tuyền, TP Cần Thơ, Việt Nam",,
6,Chất thải & Tiếng ồn,CÔNG TY CỔ PHẦN THỰC PHẨM GN,,,,,,0đ,"10,000,000đ",,"10,000,000đ",0đ,MỚI,-,22/04/2026,-,-,Chưa giao việc,,Công ty CP Công Nghệ Môi Trường Trái Đất Xanh,San San,Phòng Kinh doanh,Sau ký,Đã gửi khách hàng,Chưa chọn,,,,"P.02B Đường Trung Tâm, KCN Long Hậu mở rộng, Xã Cần Giuộc, Tỉnh Tây Ninh, Việt Nam",,
5,Chất thải & Tiếng ồn,CÔNG TY TNHH NOBLEKI VIỆT NAM,,,,,,0đ,"7,000,000đ",,"7,000,000đ",0đ,MỚI,-,04/02/2026,-,05/02/2026,Chưa giao việc,,Công ty CP Công Nghệ Môi Trường Trái Đất Xanh,San San,Phòng Kinh doanh,Sau ký,Đã hoàn thành,BB nghiệm thu kết thúc HĐ,,,,"134/15/33 Hiệp Thành 45, Phường Tân Thới Hiệp, TP Hồ Chí Minh, Việt Nam",,
4,Chất thải & Tiếng ồn,CÔNG TY TNHH THƯƠNG MẠI DỊCH VỤ KẾT GIAO PHÁT TRIỂN QUỐC TẾ,,,,,,0đ,"7,000,000đ",,"7,000,000đ",0đ,MỚI,-,13/01/2026,-,15/01/2026,Chưa giao việc,,Công ty CP Công Nghệ Môi Trường Trái Đất Xanh,San San,Phòng Kinh doanh,Sau ký,Đã hoàn thành,BB nghiệm thu kết thúc HĐ,,,"9/3 Trịnh Đình Thảo, Phường Tân Phú, TP Hồ Chí Minh, Việt Nam","9/3 Trịnh Đình Thảo, Phường Tân Phú, TP Hồ Chí Minh, Việt Nam",,
3,Chất thải & Tiếng ồn,CÔNG TY TNHH HANSAE HCM,,,,,,0đ,"9,700,000đ",,"9,700,000đ",0đ,Tái ký,-,21/01/2026,-,03/02/2026,Chưa giao việc,,Công ty CP Công Nghệ Môi Trường Trái Đất Xanh,San San,Phòng Kinh doanh,Sau ký,HOÀN THÀNH,BB nghiệm thu kết thúc HĐ,,,,"Phòng 12A02, Lầu 12A Tòa nhà Empress Tower, 138 Hai Bà Trưng, Phường Sài Gòn, TP Hồ Chí Minh, Việt Nam",,
2,Chất thải & Tiếng ồn,CÔNG TY TNHH HANSAE HCM,,,,,,0đ,"10,200,000đ",,"10,200,000đ",0đ,MỚI,07/04/2026,07/04/2026,-,14/04/2026,Chưa giao việc,,Công ty CP Công Nghệ Môi Trường Trái Đất Xanh,San San,Phòng Kinh doanh,Sau ký,Đã hoàn thành,BB nghiệm thu kết thúc HĐ,,,,"Phòng 12A02, Lầu 12A Tòa nhà Empress Tower, 138 Hai Bà Trưng, Phường Sài Gòn, TP Hồ Chí Minh, Việt Nam",,
1,Chất thải & Tiếng ồn,CÔNG TY TNHH HANSAE HCM,,,,,,"946,000đ","13,280,000đ",,"13,280,000đ",0đ,MỚI,-,30/03/2026,-,30/03/2026,Chưa giao việc,,Công ty CP Công Nghệ Môi Trường Trái Đất Xanh,San San,Phòng Kinh doanh,Sau ký,HOÀN THÀNH,BB nghiệm thu kết thúc HĐ,,,,"Phòng 12A02, Lầu 12A Tòa nhà Empress Tower, 138 Hai Bà Trưng, Phường Sài Gòn, TP Hồ Chí Minh, Việt Nam",,
6,Kỹ thuật & Ứng phó sự cố,CÔNG TY TNHH PETERSON - ECO2 VIỆT NAM,,,-,,,0đ,"33,600,000đ",TT ĐỢT 3 (SAU KHI HOÀN THÀNH),"33,600,000đ",0đ,MỚI,,12/05/2026,,,Chưa giao việc,—,CÔNG TY TNHH MÔI TRƯỜNG CÔNG NGHỆ THÀNH PHÁT,San San,Phòng Kinh doanh,Sau ký,PTH đang kiểm tra,-,Bình Dương,,,,,
5,Kỹ thuật & Ứng phó sự cố,CÔNG TY TNHH PETERSON - ECO2 VIỆT NAM,,,-,,,0đ,"150,000,000đ",TT ĐỢT 2 (KHI BÀN GIAO VẬT TƯ TỚI CTY),"150,000,000đ",0đ,MỚI,,12/05/2026,,30/06/2026,Chưa giao việc,—,CÔNG TY TNHH MÔI TRƯỜNG CÔNG NGHỆ THÀNH PHÁT,San San,Phòng Kinh doanh,Sau ký,PTH đang kiểm tra,-,Bình Dương,,,,,
4,Kỹ thuật & Ứng phó sự cố,CÔNG TY TNHH PETERSON - ECO2 VIỆT NAM,,,-,,,0đ,"237,000,000đ",TẠM ỨNG ĐỢT 1,"250,000,000đ","10,000,000đ",MỚI,,12/05/2026,,30/05/2026,Chưa giao việc,—,CÔNG TY TNHH MÔI TRƯỜNG CÔNG NGHỆ THÀNH PHÁT,San San,Phòng Kinh doanh,Sau ký,PTH đang kiểm tra,-,Bình Dương,,,,,
3,Kỹ thuật & Ứng phó sự cố,CÔNG TY CỔ PHẦN CÔNG NGHIỆP NHỰA PHÚ LÂM,,,Ứng phó sự cố hóa chất,,,0đ,"9,000,000đ",TT 50% CÒN LẠI,"11,500,000đ","2,000,000đ",MỚI,,09/05/2026,,,Nguyễn Thị Đăng Thi — giao bởi San San lúc 11/05/2026 10:57,—,,San San,Phòng Kinh doanh,Sau ký,PTH đang kiểm tra,-,Hải Phòng,,"Km 9, đường Phạm Văn Đồng, Phường Dương Kinh, TP Hải Phòng, Việt Nam",,,
2,Kỹ thuật & Ứng phó sự cố,CÔNG TY CỔ PHẦN CÔNG NGHIỆP NHỰA PHÚ LÂM,,,Ứng phó sự cố hóa chất,,,0đ,"11,500,000đ",Tạm ứng 50%,"11,500,000đ",0đ,MỚI,,09/05/2026,,12/05/2026,Chưa giao việc,—,,San San,Phòng Kinh doanh,Sau ký,Đã hoàn thành,Đã đề nghị thanh toán/tạm ứng,Hải Phòng,,"Km 9, đường Phạm Văn Đồng, Phường Dương Kinh, TP Hải Phòng, Việt Nam",,,
1,Kỹ thuật & Ứng phó sự cố,NHÀ MÁY NƯỚC TÂN HIỆP,70/2025/HĐKT.BC-TH,1818/HĐ-NMNTH-QLDA,Ứng phó sự cố hóa chất,,,0đ,"55,000,000đ",,"59,400,000đ",0đ,MỚI,,13/08/2025,,10/01/2026,San San — giao bởi San San lúc 11/05/2026 14:22 Nguyễn Văn Lộc (Ngoài) — giao bởi San San lúc 11/05/2026 14:22,—,,San San,Phòng Kinh doanh,Sau ký,Đã hoàn thành,Đã làm BB bàn giao và nghiệm thu kết thúc hợp đồng,TP. Hồ Chí Minh,,,,,
5,Phát thải & Năng lượng,CÔNG TY TNHH QUANG MINH VY,,,Giảm phát thải KNK,,,0đ,"16,200,000đ",,"16,200,000đ",0đ,MỚI,,13/01/2026,,31/01/2026,Chưa giao việc,—,,Nhật Quỳnh - TPKD,Phòng Kinh doanh,Sau ký,Đã hoàn thành,-,Tây Ninh,,"Số 78, Nguyễn Tri Phương, Khu phố 4, phường Long Hoa, tỉnh Tây Ninh",,,
4,Phát thải & Năng lượng,CHI NHÁNH CÔNG TY CỔ PHẦN HƠI KỸ NGHỆ QUE HÀN - XÍ NGHIỆP HƠI KỸ NGHỆ QUE HÀN BÌNH DƯƠNG,,,Kiểm toán năng lượng,,,0đ,"45,000,000đ",,"45,000,000đ","1,000,000đ",MỚI,,18/05/2026,,,Nhật Quỳnh - TPKD — giao bởi Nhật Quỳnh - TPKD lúc 20/05/2026 08:56,chị Quý —,CÔNG TY CỔ PHẦN TIẾT KIỆM NĂNG LƯỢNG BÁCH KHOA,Nhật Quỳnh - TPKD,Phòng Kinh doanh,Sau ký,PTH đang kiểm tra,-,Đồng Nai,,"Ô 04, Lô A, Đường số 1, Khu công nghiệp Đồng An, Phường Bình Hòa, TP Hồ Chí Minh",,,
3,Phát thải & Năng lượng,CÔNG TY TNHH SAMDUK VIỆT NAM,100/2025/HĐKT.BC-SAMDUK,,Kiểm toán năng lượng,,,0đ,"25,000,000đ",50% còn lại hợp đồng giảm phát thải KNK,"27,000,000đ",0đ,MỚI,,27/10/2025,,30/01/2026,Chưa giao việc,—,,Nhật Quỳnh - TPKD,Phòng Kinh doanh,Sau ký,Đã hoàn thành,Đã làm BB bàn giao và nghiệm thu kết thúc hợp đồng,Long An,,"Lô F2, Đường số 7, KCN Hòa Bình, Xã Nhị Thành, Huyện Thủ Thừa, Tỉnh Long An",,,
2,Phát thải & Năng lượng,CÔNG TY TNHH MTV HANS VINA,124/2025/HĐKT.BC-HANS,,Kiểm toán năng lượng,,,0đ,"19,625,000đ",,"23,220,000đ","3,000,000đ",MỚI,,21/11/2025,,06/01/2026,Le Hoang Thu Thao — giao bởi San San lúc 11/05/2026 11:42,—,,San San,Phòng Kinh doanh,Sau ký,Đã hoàn thành,Đã làm BB bàn giao và nghiệm thu kết thúc hợp đồng,Đồng Nai,,"Đường ĐCD 3 và ĐCD 4, KCN Giang Điền, Xã Trảng Bom, Tỉnh Đồng Nai, Việt Nam",,,